<?xml version="1.0" encoding="UTF-8"?>
<con:soapui-project id="08ea3e87-219f-49e2-a619-d9cd63d0fa2e" created="3.65.0" activeEnvironment="Default environment" encryptionMode="Not encrypted" name="REST Project 2" projectVersion="" updated="3.65.0 2026-01-22T10:17:35Z" resourceRoot="${projectDir}" xmlns:con="http://eviware.com/soapui/config">
  <con:settings/>
  <con:interface xsi:type="con:RestService" id="10f1513a-62e8-406a-bed2-3272be282170" lastUpdated="2026-02-10T23:40:25.946+05:30" wadlVersion="http://wadl.dev.java.net/2009/02" name="https://petstore.swagger.io" type="rest" xmlns:xsi="http://www.w3.org/2001/XMLSchema-instance">
    <con:settings id="9ffcba17-ed8b-48ac-bc69-92dc9f3a6447"/>
    <con:definitionCache type="TEXT" rootPart=""/>
    <con:endpoints>
      <con:endpoint>https://petstore.swagger.io</con:endpoint>
    </con:endpoints>
    <con:resource name="FindByStatus" path="/v2/pet/findByStatus" id="06174e83-0ce3-4a8f-9e03-6390a4eb5d4f">
      <con:settings/>
      <con:parameters/>
      <con:method name="FindByStatus" id="336bc50e-ef85-4076-b74b-20a21294ce49" method="GET">
        <con:settings/>
        <con:parameters>
          <con:parameter required="true">
            <con:name>status</con:name>
            <con:value>sold</con:value>
            <con:style>QUERY</con:style>
            <con:default>sold</con:default>
            <con:path xsi:nil="true"/>
            <con:description xsi:nil="true"/>
          </con:parameter>
        </con:parameters>
        <con:representation type="RESPONSE">
          <con:mediaType xsi:nil="true"/>
          <con:status>0</con:status>
          <con:params/>
          <con:element>data</con:element>
        </con:representation>
        <con:representation type="RESPONSE">
          <con:mediaType>application/json</con:mediaType>
          <con:status>200</con:status>
          <con:params/>
          <con:element>Response</con:element>
        </con:representation>
        <con:request name="Request 1" id="c81b59e5-982b-48ab-9aaf-0371a8612f43" mediaType="application/json">
          <con:settings/>
          <con:endpoint>https://petstore.swagger.io</con:endpoint>
          <con:credentials>
            <con:selectedAuthProfile>No Authorization</con:selectedAuthProfile>
            <con:authType>No Authorization</con:authType>
          </con:credentials>
          <con:parameters>
            <con:entry key="status" value="sold"/>
          </con:parameters>
          <con:parameterOrder>
            <con:entry>status</con:entry>
          </con:parameterOrder>
        </con:request>
      </con:method>
    </con:resource>
  </con:interface>
  <con:testSuite id="37d9870d-4df9-4d8e-9686-bc3275152533" name="https://petstore.swagger.io Test Suite">
    <con:settings id="65d51772-7ff5-4169-a4e2-9dce154749ad"/>
    <con:runType>SEQUENTIAL</con:runType>
    <con:testCase id="4b22b2c5-3ffa-432f-8329-91c100a5c0b8" discardOkResults="false" failOnError="false" failTestCaseOnErrors="true" keepSession="false" name="https://petstore.swagger.io Test Case 1" searchProperties="true" timeout="0">
      <con:settings/>
      <con:testStep type="restrequest" name="Request 1" id="0bc0007d-9cd0-47e4-919d-ccd4f4bdf11b">
        <con:settings/>
        <con:config service="https://petstore.swagger.io" resourcePath="/v2/pet/findByStatus" methodName="FindByStatus" xsi:type="con:RestRequestStep" xmlns:xsi="http://www.w3.org/2001/XMLSchema-instance">
          <con:restRequest name="Request 1" id="c81b59e5-982b-48ab-9aaf-0371a8612f43" mediaType="application/json">
            <con:settings>
              <con:setting id="com.eviware.soapui.impl.wsdl.WsdlRequest@request-headers">&lt;xml-fragment/></con:setting>
            </con:settings>
            <con:endpoint>https://petstore.swagger.io</con:endpoint>
            <con:request/>
            <con:originalUri>https://petstore.swagger.io/v2/pet/findByStatus</con:originalUri>
            <con:assertion type="Valid HTTP Status Codes" id="5c3f5b3a-573c-4c2b-953d-12eb46fddced" name="Valid HTTP Status Codes">
              <con:settings/>
              <con:configuration>
                <codes>200</codes>
              </con:configuration>
            </con:assertion>
            <con:assertion type="JsonPath Match" id="0115ac4d-0e63-4a85-a262-027e852ef389" name="JSONPath Match">
              <con:configuration>
                <path>$[0]['status']</path>
                <content>sold</content>
                <allowWildcards>false</allowWildcards>
                <ignoreNamspaceDifferences>false</ignoreNamspaceDifferences>
                <ignoreComments>false</ignoreComments>
              </con:configuration>
            </con:assertion>
            <con:assertion type="JsonPath Existence Match" id="8d0c70d9-b820-478f-b9a8-b3ce4d77ac0b" name="JSONPath Existence Match">
              <con:configuration>
                <path>$[*]['id']</path>
                <content>true</content>
                <allowWildcards>false</allowWildcards>
                <ignoreNamspaceDifferences>false</ignoreNamspaceDifferences>
                <ignoreComments>false</ignoreComments>
              </con:configuration>
            </con:assertion>
            <con:credentials>
              <con:selectedAuthProfile>No Authorization</con:selectedAuthProfile>
              <con:authType>No Authorization</con:authType>
            </con:credentials>
            <con:jmsConfig JMSDeliveryMode="PERSISTENT"/>
            <con:parameters>
              <con:entry key="status" value="sold"/>
            </con:parameters>
            <con:parameterOrder>
              <con:entry>status</con:entry>
            </con:parameterOrder>
          </con:restRequest>
        </con:config>
      </con:testStep>
      <con:properties/>
      <con:reportParameters/>
    </con:testCase>
    <con:properties/>
    <con:reportParameters/>
  </con:testSuite>
  <con:properties/>
  <con:wssContainer/>
  <con:databaseConnectionContainer/>
  <con:jmsConnectionContainer/>
  <con:oAuth2ProfileContainer/>
  <con:oAuth1ProfileContainer/>
  <con:reporting>
    <con:xmlTemplates/>
    <con:parameters/>
  </con:reporting>
  <con:eventHandlers type="RequestFilter.filterRequest" name="RequestFilter.filterRequest">
    <con:script>// Sample event script to add custom HTTP header to all outgoing REST, SOAP and HTTP(S) calls
// This code is often used for adding custom authentication to ReadyAPI functional tests

// If hardcoding the token, uncomment and change line 5
// token = '4567'

// If your token is parameterized in Project level custom property, uncomment line 8
// token = request.parent.testCase.testSuite.project.getProperty('auth_token').getValue()

// To modify all outgoing calls, remove comments from lines 11 to 16
// headers = request.requestHeaders
// if (headers.containsKey('auth_token2') == false) {
//   headers.put('auth_token2', token)
//   request.requestHeaders = headers
// }</con:script>
  </con:eventHandlers>
  <con:eventHandlers type="TestRunListener.afterStep" name="TestRunListener.afterStep">
    <con:script>// Save all test step results into files
// Change the directory path in line 5 to a location where you want to store details
// then uncomment lines 5 to 10

// filePath = 'C:\\tempOutputDirectory\\'
// fos = new java.io.FileOutputStream(filePath + testStepResult.testStep.label + '.txt', true)
// pw = new java.io.PrintWriter(fos)
// testStepResult.writeTo(pw)
// pw.close()
// fos.close()</con:script>
  </con:eventHandlers>
  <con:authRepository/>
  <con:tags/>
</con:soapui-project>
